{
  "several": [[[56.349623199999996,37.3128381],[56.349614499999994,37.312849],[56.3496057,37.3128594],[56.3496011,37.3128646],[56.349596399999996,37.3128697],[56.3495917,37.3128747],[56.3495822,37.3128846],[56.3495773,37.312889299999995],[56.3495625,37.3129035],[56.349557499999996,37.3129081],[56.3495523,37.3129126],[56.349547199999996,37.312917],[56.349542,37.3129214],[56.349536799999996,37.312925799999995],[56.3495317,37.312930099999996],[56.3495213,37.3129384],[56.349515999999994,37.3129425],[56.349495,37.3129583],[56.3494897,37.312962],[56.349479099999996,37.3129694],[56.3494737,37.312973],[56.3494685,37.3129766],[56.349457799999996,37.3129835],[56.349457799999996,37.3129835],[56.3494525,37.3129868],[56.3494366,37.312996399999996],[56.3494101,37.3130107],[56.349404799999995,37.3130132],[56.3493892,37.3130204],[56.3493788,37.3130245],[56.3493736,37.3130266],[56.3493685,37.3130283],[56.349363399999994,37.3130301],[56.349353099999995,37.313033499999996],[56.349348,37.313035],[56.3493226,37.3130411]],[[56.3494867,37.3119063],[56.349500199999994,37.3119028],[56.3495273,37.311896],[56.349547599999994,37.3118907],[56.349567699999994,37.3118852],[56.3495808,37.311881299999996],[56.349593899999995,37.3118771],[56.3496069,37.311872699999995],[56.349613299999994,37.3118704],[56.3496197,37.311868],[56.3496385,37.3118601],[56.3496507,37.311854],[56.349667999999994,37.3118434],[56.3496842,37.3118303],[56.3496988,37.311813799999996],[56.349707699999996,37.3118012],[56.3497195,37.3117793],[56.3497364,37.3117266],[56.3497364,37.3117266],[56.3497413,37.311697599999995],[56.3497413,37.311697599999995],[56.349744699999995,37.3116567],[56.349744699999995,37.3116567],[56.349741099999996,37.311583899999995]]],
  "long": [[56.3484188,37.313102799999996],[56.3484175,37.313091799999995],[56.3484147,37.3130682],[56.348413799999996,37.3130619],[56.3484111,37.3130425],[56.3484072,37.313015799999995],[56.348402,37.3129811],[56.348400899999994,37.3129741],[56.3483976,37.3129524],[56.3483953,37.3129377],[56.348393099999996,37.3129227],[56.3483885,37.3128921],[56.3483861,37.3128764],[56.3483837,37.3128607],[56.3483813,37.3128448],[56.3483813,37.3128448],[56.3483777,37.3128203],[56.3483753,37.3128039],[56.348372899999994,37.3127873],[56.348371699999994,37.3127791],[56.348369399999996,37.3127625],[56.348368199999996,37.3127541],[56.348364999999994,37.312729],[56.348363,37.3127122],[56.348361999999995,37.3127038],[56.3483611,37.3126953],[56.348360299999996,37.312686899999996],[56.3483587,37.312669899999996],[56.3483581,37.312661399999996],[56.348357,37.3126442],[56.348356499999994,37.3126356],[56.3483563,37.3126271],[56.3483561,37.3126099],[56.3483562,37.312592699999996],[56.3483575,37.3125668],[56.3483575,37.3125668],[56.3483659,37.3125078],[56.3483677,37.312499599999995],[56.3483696,37.3124915],[56.3483764,37.312467999999996],[56.3483951,37.3124156],[56.3484007,37.312401],[56.3484036,37.3123936],[56.3484123,37.3123717],[56.3484123,37.3123717],[56.3484183,37.312356799999996],[56.3484212,37.312349499999996],[56.3484273,37.3123346],[56.3484273,37.3123346],[56.348439799999994,37.3123049],[56.348442999999996,37.3122975],[56.3484494,37.312282599999996],[56.3484559,37.3122676],[56.3484756,37.3122232],[56.348482399999995,37.3122086],[56.3484999,37.312172],[56.3485033,37.3121648],[56.3485103,37.3121502],[56.3485175,37.3121357],[56.348521,37.3121285],[56.348538999999995,37.312092899999996],[56.348557,37.3120575],[56.3485606,37.3120504],[56.3485678,37.3120364],[56.348578499999995,37.3120154],[56.348582099999994,37.3120085],[56.3485856,37.312001699999996],[56.3485963,37.311980999999996],[56.3485963,37.311980999999996],[56.348603399999995,37.3119672],[56.348635699999996,37.3119066],[56.348639299999995,37.3119],[56.348642899999994,37.3118933],[56.348650199999994,37.3118802],[56.3486537,37.3118737],[56.3486573,37.3118671],[56.3486647,37.311854],[56.3486683,37.311847199999995],[56.348683199999996,37.3118207],[56.348687,37.311814],[56.3486948,37.3118005],[56.348702599999996,37.3117869],[56.348710499999996,37.311772999999995],[56.3487228,37.3117522],[56.3487355,37.3117315],[56.348744399999994,37.3117178],[56.3487489,37.3117111],[56.3487629,37.3116911],[56.3487825,37.3116656],[56.348787599999994,37.3116596],[56.348803399999994,37.3116421],[56.348819899999995,37.3116262],[56.3488371,37.3116116],[56.3488489,37.311602799999996],[56.348855,37.3115988],[56.348855,37.3115988],[56.3488799,37.3115849],[56.348912299999995,37.3115723],[56.348918999999995,37.311570599999996],[56.348945699999994,37.311564499999996],[56.3489661,37.311561],[56.348979699999994,37.3115589],[56.348986499999995,37.3115581],[56.348986499999995,37.3115581],[56.3490141,37.311554699999995],[56.3490209,37.3115539],[56.349027899999996,37.311552999999996],[56.349062599999996,37.3115486],[56.3490696,37.3115478],[56.3490766,37.311546799999995],[56.349083699999994,37.3115459],[56.3490907,37.311544999999995],[56.349111799999996,37.3115421],[56.3491188,37.311541],[56.349146999999995,37.3115363],[56.3491681,37.3115324],[56.349188999999996,37.311527999999996],[56.3492031,37.3115246],[56.3492172,37.3115212],[56.3492172,37.3115212],[56.349238299999996,37.3115156],[56.3492665,37.311507399999996],[56.349322199999996,37.3114893],[56.3493359,37.3114847],[56.349342799999995,37.3114823],[56.3493566,37.3114777],[56.349377499999996,37.311471],[56.3493984,37.3114646],[56.349405399999995,37.3114626],[56.3494124,37.3114606],[56.349419399999995,37.3114586],[56.349454099999996,37.3114497],[56.349474699999995,37.311445299999995],[56.349520999999996,37.311437999999995],[56.349564799999996,37.3114364],[56.3495887,37.3114395],[56.349605999999994,37.3114446],[56.349627899999994,37.3114552],[56.3496332,37.3114588],[56.3496483,37.3114712],[56.3496531,37.3114758],[56.349662099999996,37.311485999999995],[56.3496781,37.31151],[56.3496781,37.31151],[56.3496904,37.3115382],[56.3496975,37.3115613],[56.3496993,37.311569299999995],[56.3497038,37.3115941],[56.349708899999996,37.3116455],[56.349708899999996,37.3116455],[56.3497092,37.3116546],[56.349710099999996,37.3116814],[56.3497104,37.3116905],[56.349710599999995,37.3117089],[56.349710599999995,37.3117089],[56.3497109,37.311727399999995],[56.3497109,37.311727399999995],[56.3497111,37.3117553],[56.349711199999994,37.311774199999995],[56.349711199999994,37.3117838],[56.349711199999994,37.3117934],[56.3497114,37.311841799999996],[56.3497116,37.3118713],[56.349711799999994,37.3119012],[56.3497121,37.3119316],[56.3497121,37.3119316],[56.3497127,37.311993],[56.349713099999995,37.3120556],[56.3497132,37.312076499999996],[56.3497134,37.3121078],[56.3497134,37.3121183],[56.3497135,37.312128799999996],[56.3497134,37.3121497],[56.3497134,37.3121601],[56.349713099999995,37.3122015],[56.349713099999995,37.3122119],[56.349712999999994,37.3122222],[56.3497128,37.3122428],[56.349712499999995,37.3122737],[56.3497123,37.312294099999995],[56.3497121,37.3123146],[56.3497121,37.3123146],[56.3497114,37.3123857],[56.3497108,37.3124462],[56.349710599999995,37.312466199999996],[56.3497105,37.3124761],[56.3497105,37.3124761],[56.349710099999996,37.3125059],[56.349710099999996,37.3125059],[56.3497097,37.3125256],[56.3497085,37.3125642],[56.349707099999996,37.312592599999995],[56.3497041,37.312629],[56.3497007,37.312655299999996],[56.3496962,37.3126803],[56.349692399999995,37.312695999999995],[56.3496859,37.3127187],[56.3496758,37.312746499999996],[56.349640799999996,37.312812099999995],[56.349637099999995,37.3128174],[56.3496296,37.3128282],[56.3496258,37.312833399999995],[56.349621799999994,37.3128385],[56.3495839,37.3128822],[56.3495749,37.312891199999996],[56.3495657,37.3129001],[56.349560999999994,37.3129044],[56.3495466,37.312917],[56.3494903,37.3129586],[56.3494903,37.3129586],[56.349485099999995,37.3129621],[56.3494586,37.3129786],[56.3494532,37.312981799999996],[56.349442599999996,37.312987899999996],[56.349432,37.3129938],[56.349432,37.3129938],[56.3494106,37.313005],[56.3494053,37.3130076],[56.3494053,37.3130076],[56.3493789,